{
    "K_depth_480x640": [
        [
            468.94140625,
            0.0,
            289.703125
        ],
        [
            0.0,
            468.56640625,
            243.396484375
        ],
        [
            0.0,
            0.0,
            1.0
        ]
    ],
    "K_color_480x640": [
        [
            599.4379272460938,
            0.0,
            323.34228515625
        ],
        [
            0.0,
            599.8480834960938,
            239.6417694091797
        ],
        [
            0.0,
            0.0,
            1.0
        ]
    ],
    "RT_color_depth": [
        [
            0.999966025352478,
            -0.00066900480305776,
            0.008217278867959976,
            2.9572376661235467e-05
        ],
        [
            0.0008533798390999436,
            0.9997475147247314,
            -0.022454507648944855,
            0.013981140218675137
        ],
        [
            -0.008200181648135185,
            0.022460756823420525,
            0.9997140765190125,
            -0.005410457961261272
        ],
        [
            0.0,
            0.0,
            0.0,
            1.0
        ]
    ],
    "RT_depth_color": [
        [
            0.999966025352478,
            0.0008533798390999436,
            -0.008200181648135185,
            2.424131889711134e-05
        ],
        [
            -0.00066900480305776,
            0.9997475147247314,
            0.022460756823420525,
            -0.014099124819040298
        ],
        [
            0.008217278867959976,
            -0.022454507648944855,
            0.9997140765190125,
            0.005095126572996378
        ],
        [
            0.0,
            0.0,
            0.0,
            1.0
        ]
    ]
}