{
    "baseline": 0.075,
    "RT_rgb_left": [
        [
            0.9998272061347961,
            -0.004116501193493605,
            -0.018127519637346268,
            -3.7158396244049072
        ],
        [
            0.004087254870682955,
            0.9999902248382568,
            -0.0016501285135746002,
            0.009201109409332275
        ],
        [
            0.018134133890271187,
            0.0015757521614432335,
            0.9998342990875244,
            -0.25992995500564575
        ],
        [
            0.0,
            0.0,
            0.0,
            1.0
        ]
    ],
    "RT_right_left": [
        [
            0.999789834022522,
            0.00598478689789772,
            -0.019608451053500175,
            -7.486020565032959
        ],
        [
            -0.005832346621900797,
            0.9999523758888245,
            0.007822200655937195,
            -0.09824778139591217
        ],
        [
            0.019654331728816032,
            -0.007706193253397942,
            0.9997771382331848,
            0.04875774309039116
        ],
        [
            0.0,
            0.0,
            0.0,
            1.0
        ]
    ],
    "R_leftr": [
        [
            0.9994779825210571,
            0.01915646530687809,
            -0.026014719158411026
        ],
        [
            -0.019053876399993896,
            0.9998096823692322,
            0.004185640253126621
        ],
        [
            0.026089951395988464,
            -0.0036877740640193224,
            0.9996528029441833
        ]
    ],
    "R_rightr": [
        [
            0.9998927116394043,
            0.013122757896780968,
            -0.006512473337352276
        ],
        [
            -0.013148298487067223,
            0.9999059438705444,
            -0.0038945104461163282
        ],
        [
            0.0064607542008161545,
            0.003979720640927553,
            0.9999712109565735
        ]
    ],
    "D_left": {
        "k1": -7.991771221160889,
        "k2": 10.476630210876465,
        "p1": -0.00188844942022115,
        "p2": -0.000542420195415616,
        "k3": 35.05715560913086,
        "k4": -8.000125885009766,
        "k5": 10.553742408752441,
        "k6": 34.85292053222656
    },
    "D_right": {
        "k1": -7.807389736175537,
        "k2": 18.93514633178711,
        "p1": -0.0020195546094328165,
        "p2": 0.0005500823608599603,
        "k3": 13.15701961517334,
        "k4": -7.809309959411621,
        "k5": 18.942678451538086,
        "k6": 13.107845306396484
    },
    "K_left_400x640": [
        [
            450.5190734863281,
            0.0,
            295.10809326171875
        ],
        [
            0.0,
            450.5190734863281,
            194.9817657470703
        ],
        [
            0.0,
            0.0,
            1.0
        ]
    ],
    "K_right_400x640": [
        [
            450.8807067871094,
            0.0,
            311.3831481933594
        ],
        [
            0.0,
            450.8807067871094,
            200.83261108398438
        ],
        [
            0.0,
            0.0,
            1.0
        ]
    ],
    "K_left_480x640": [
        [
            450.5190734863281,
            0.0,
            295.10809326171875
        ],
        [
            0.0,
            450.5190734863281,
            234.9817657470703
        ],
        [
            0.0,
            0.0,
            1.0
        ]
    ],
    "K_right_480x640": [
        [
            450.8807067871094,
            0.0,
            311.3831481933594
        ],
        [
            0.0,
            450.8807067871094,
            240.83261108398438
        ],
        [
            0.0,
            0.0,
            1.0
        ]
    ],
    "K_left_720x1280": [
        [
            901.0381469726562,
            0.0,
            590.2161865234375
        ],
        [
            0.0,
            901.0381469726562,
            349.9635314941406
        ],
        [
            0.0,
            0.0,
            1.0
        ]
    ],
    "K_right_720x1280": [
        [
            901.7614135742188,
            0.0,
            622.7662963867188
        ],
        [
            0.0,
            901.7614135742188,
            361.66522216796875
        ],
        [
            0.0,
            0.0,
            1.0
        ]
    ],
    "K_left_800x1280": [
        [
            901.0381469726562,
            0.0,
            590.2161865234375
        ],
        [
            0.0,
            901.0381469726562,
            389.9635314941406
        ],
        [
            0.0,
            0.0,
            1.0
        ]
    ],
    "K_right_800x1280": [
        [
            901.7614135742188,
            0.0,
            622.7662963867188
        ],
        [
            0.0,
            901.7614135742188,
            401.66522216796875
        ],
        [
            0.0,
            0.0,
            1.0
        ]
    ]
}